# Format: YYYY.MM.DD HH:MM|CURRENCY|IMPACT|EVENT_NAME
2026.08.07 15:30:00|USD|HIGH|US Non-Farm Payrolls
2026.08.12 15:30:00|USD|HIGH|US CPI m/m
2026.08.14 15:30:00|USD|HIGH|US Retail Sales
2026.08.20 15:30:00|USD|MEDIUM|US Initial Jobless Claims
2026.08.27 15:30:00|USD|HIGH|US Prelim GDP q/q
2026.09.04 15:30:00|USD|HIGH|US Non-Farm Payrolls
2026.09.10 15:15:00|EUR|HIGH|ECB Main Refinancing Rate
2026.09.11 15:30:00|USD|HIGH|US Core CPI m/m
2026.09.16 21:00:00|USD|HIGH|FOMC Economic Projections & Fed Rate
2026.09.16 21:30:00|USD|HIGH|FOMC Press Conference
2026.09.17 15:30:00|USD|HIGH|US Retail Sales
